Date,Adj Close,Close,High,Low,Open,Volume
2023-01-02,51925.33984375,55500.0,56100.0,55200.0,55500.0,10031448
2023-01-03,51831.7734375,55400.0,56000.0,54500.0,55400.0,13547030
2023-01-04,54077.203125,57800.0,58000.0,55600.0,55700.0,20188071
2023-01-05,54451.44140625,58200.0,58800.0,57600.0,58200.0,15682826
2023-01-06,55199.9140625,59000.0,59400.0,57900.0,58300.0,17334989
2023-01-09,56790.41796875,60700.0,60700.0,59600.0,59700.0,18640107
2023-01-10,56509.734375,60400.0,61100.0,59900.0,60200.0,14859797
2023-01-11,56603.29296875,60500.0,61200.0,60300.0,61000.0,12310751
2023-01-12,56603.29296875,60500.0,61200.0,59900.0,61100.0,16102561
2023-01-13,56883.9765625,60800.0,61200.0,60400.0,60500.0,12510328
2023-01-16,57164.64453125,61100.0,61600.0,60800.0,61300.0,10039972
2023-01-17,57071.0859375,61000.0,61500.0,60600.0,61200.0,9831456
2023-01-18,56509.734375,60400.0,61000.0,59900.0,60700.0,11584041
2023-01-19,57538.890625,61500.0,61500.0,60400.0,60500.0,12808490
2023-01-20,57819.5625,61800.0,62300.0,61100.0,62100.0,9646327
2023-01-25,59222.95703125,63300.0,63700.0,63000.0,63500.0,39217
2023-01-26,59690.74609375,63800.0,63900.0,63300.0,63800.0,54188
2023-01-27,60439.2265625,64600.0,65000.0,63900.0,64400.0,44282
2023-01-30,59222.95703125,63300.0,64900.0,63100.0,64900.0,59628
2023-01-31,57445.33203125,61400.0,63700.0,61000.0,63500.0,163847
2023-02-01,57071.0859375,61000.0,62700.0,61000.0,62600.0,98585
2023-02-02,59410.0703125,63500.0,63900.0,62600.0,63200.0,65992
2023-02-03,59410.0703125,63500.0,64000.0,63000.0,63900.0,47567
2023-02-06,57632.4453125,61600.0,63000.0,61600.0,62800.0,144104
2023-02-07,58006.68359375,62000.0,62500.0,61600.0,61900.0,32873
2023-02-08,59035.84375,63100.0,63300.0,62400.0,62800.0,42558
2023-02-09,59222.95703125,63300.0,63300.0,62300.0,63000.0,48035
2023-02-10,58848.71875,62900.0,63000.0,62400.0,62600.0,44786
2023-02-13,58848.71875,62900.0,63000.0,62300.0,62900.0,59395
2023-02-14,59129.3984375,63200.0,63900.0,63200.0,63600.0,70606
2023-02-15,58193.80078125,62200.0,63900.0,62000.0,63900.0,58370
2023-02-16,59597.19140625,63700.0,63700.0,62400.0,62500.0,41448
2023-02-17,58568.04296875,62600.0,63300.0,62400.0,62900.0,28613
2023-02-20,58661.59765625,62700.0,63000.0,61800.0,62900.0,29846
2023-02-21,58100.24609375,62100.0,62800.0,62000.0,62700.0,60971
2023-02-22,57164.64453125,61100.0,61800.0,61000.0,61500.0,39178
2023-02-23,58006.68359375,62000.0,62500.0,61500.0,61700.0,37145
2023-02-24,57351.77734375,61300.0,62600.0,61300.0,62300.0,50792
2023-02-27,56603.29296875,60500.0,60800.0,60200.0,60800.0,11155697
2023-02-28,56696.859375,60600.0,61400.0,60500.0,60800.0,13715861
2023-03-02,56883.9765625,60800.0,61800.0,60500.0,60900.0,13095682
2023-03-03,56603.29296875,60500.0,61200.0,60500.0,61000.0,10711405
2023-03-06,57538.890625,61500.0,61600.0,60800.0,61100.0,13630602
2023-03-07,56790.41796875,60700.0,61400.0,60700.0,61400.0,11473280
2023-03-08,56416.17578125,60300.0,60500.0,59900.0,60100.0,14161857
2023-03-09,56229.05859375,60100.0,60800.0,59900.0,60500.0,14334499
2023-03-10,55667.70703125,59500.0,59700.0,59100.0,59500.0,11902471
2023-03-13,56135.50390625,60000.0,60200.0,59300.0,59900.0,12779724
2023-03-14,55199.9140625,59000.0,59500.0,59000.0,59400.0,12147346
2023-03-15,55948.3828125,59800.0,60300.0,59600.0,60000.0,10482149
2023-03-16,56041.9375,59900.0,60200.0,59100.0,59200.0,10611939
2023-03-17,57351.77734375,61300.0,61300.0,60600.0,60800.0,14090110
2023-03-20,56322.625,60200.0,61200.0,60200.0,61100.0,9618009
2023-03-21,56416.17578125,60300.0,60700.0,60100.0,60500.0,8318514
2023-03-22,57164.64453125,61100.0,61200.0,60500.0,61000.0,8978591
2023-03-23,58287.3671875,62300.0,62300.0,60600.0,60600.0,15381057
2023-03-24,58942.28125,63000.0,63300.0,62300.0,62700.0,18278602
2023-03-27,58100.24609375,62100.0,62800.0,62000.0,62600.0,11039331
2023-03-28,58848.71875,62900.0,62900.0,62100.0,62400.0,11614118
2023-03-29,58661.59765625,62700.0,62700.0,62200.0,62500.0,11216008
2023-03-30,59471.8125,63200.0,63700.0,63100.0,63700.0,15684377
2023-03-31,60224.61328125,64000.0,64000.0,63700.0,64000.0,14094479
2023-04-03,59377.703125,63100.0,64000.0,63000.0,64000.0,11973133
2023-04-04,59848.21484375,63600.0,63800.0,62800.0,63400.0,11120514
2023-04-05,60130.515625,63900.0,64000.0,63400.0,63700.0,9176149
2023-04-06,58624.90234375,62300.0,63600.0,62300.0,63500.0,14992747
2023-04-07,61165.6328125,65000.0,65200.0,63800.0,63800.0,27476120
2023-04-10,61824.33984375,65700.0,66300.0,64700.0,64800.0,18777166
2023-04-11,62012.53515625,65900.0,66200.0,65400.0,66200.0,16323183
2023-04-12,62106.6328125,66000.0,66200.0,65300.0,65800.0,15021313
2023-04-13,62200.73828125,66100.0,66100.0,65400.0,65600.0,15091022
2023-04-14,61259.73046875,65100.0,66600.0,65000.0,66600.0,16176490
2023-04-17,61447.91796875,65300.0,65600.0,64700.0,65000.0,13486618
2023-04-18,61730.234375,65600.0,66000.0,64800.0,65900.0,14802060
2023-04-19,61636.12890625,65500.0,65800.0,65300.0,65500.0,10255985
2023-04-20,61447.91796875,65300.0,65300.0,64600.0,65100.0,9501169
2023-04-21,61824.33984375,65700.0,65900.0,65400.0,65800.0,10538622
2023-04-24,61353.828125,65200.0,65700.0,64800.0,65300.0,12986581
2023-04-25,59848.21484375,63600.0,65400.0,63400.0,65300.0,16193271
2023-04-26,60318.71484375,64100.0,64300.0,63300.0,63600.0,12664541
2023-04-27,60789.23046875,64600.0,65000.0,63300.0,64100.0,14779601
2023-04-28,61636.12890625,65500.0,65900.0,65000.0,65200.0,19699481
2023-05-02,61824.33984375,65700.0,66300.0,65100.0,66000.0,14396948
2023-05-03,61542.02734375,65400.0,65600.0,64900.0,65100.0,8876749
2023-05-04,61259.73046875,65100.0,65700.0,64700.0,65600.0,9791064
2023-05-08,62012.53515625,65900.0,66300.0,65400.0,66300.0,9405365
2023-05-09,61447.91796875,65300.0,65800.0,65100.0,65800.0,9366861
2023-05-10,60789.23046875,64600.0,65500.0,64300.0,65500.0,13057727
2023-05-11,60412.81640625,64200.0,65100.0,64200.0,64700.0,11648905
2023-05-12,60318.71484375,64100.0,64600.0,63600.0,63700.0,8693913
2023-05-15,60695.12109375,64500.0,64600.0,63900.0,64100.0,8172021
2023-05-16,61542.02734375,65400.0,65900.0,65300.0,65800.0,12334657
2023-05-17,61165.6328125,65000.0,65900.0,64800.0,65900.0,10745504
2023-05-18,62294.8359375,66200.0,66200.0,65700.0,66000.0,14431704
2023-05-19,64365.0625,68400.0,68400.0,67500.0,67800.0,20349345
2023-05-22,64459.1484375,68500.0,69000.0,68000.0,68400.0,14470308
2023-05-23,64365.0625,68400.0,68700.0,68100.0,68500.0,8561643
2023-05-24,64459.1484375,68500.0,68700.0,68000.0,68100.0,8192896
2023-05-25,64741.45703125,68800.0,70000.0,68700.0,69900.0,14231160
2023-05-26,66152.96875,70300.0,70400.0,69500.0,69800.0,19549511
2023-05-30,68035.0,72300.0,72300.0,71200.0,71300.0,27476897
2023-05-31,67188.078125,71400.0,72500.0,71000.0,72400.0,25666087
2023-06-01,66717.5859375,70900.0,71600.0,70600.0,70900.0,14669296
2023-06-02,67940.8984375,72200.0,72200.0,71600.0,71700.0,12161798
2023-06-05,67470.3828125,71700.0,72700.0,71400.0,72700.0,12686829
2023-06-07,66811.6796875,71000.0,71600.0,70800.0,71300.0,14796613
2023-06-08,66717.5859375,70900.0,70900.0,70000.0,70400.0,19165568
2023-06-09,67752.703125,72000.0,72300.0,70800.0,71100.0,15050209
2023-06-12,66811.6796875,71000.0,72400.0,70800.0,72100.0,12064287
2023-06-13,67752.703125,72000.0,72200.0,71600.0,71700.0,13227285
2023-06-14,67658.59375,71900.0,72200.0,71100.0,72100.0,12541046
2023-06-15,67282.1875,71500.0,72300.0,71300.0,72100.0,13614994
2023-06-16,67564.4921875,71800.0,71900.0,70900.0,71800.0,15373696
2023-06-19,66999.8984375,71200.0,71700.0,70900.0,71300.0,11100887
2023-06-20,67188.078125,71400.0,71400.0,70400.0,70700.0,11557883
2023-06-21,66341.1875,70500.0,71200.0,70400.0,70700.0,10626603
2023-06-22,67093.984375,71300.0,71500.0,70100.0,70200.0,11411007
2023-06-23,67376.28125,71600.0,72200.0,71600.0,72000.0,12329484
2023-06-26,68129.09375,72400.0,72500.0,71500.0,71700.0,10541901
2023-06-27,68317.296875,72600.0,72600.0,72000.0,72500.0,9442997
2023-06-28,68411.40625,72700.0,72700.0,72000.0,72600.0,8783093
2023-06-29,68469.0859375,72400.0,73400.0,72400.0,73100.0,12229967
2023-06-30,68279.9453125,72200.0,72700.0,71700.0,72500.0,11694765
2023-07-03,69036.515625,73000.0,73200.0,72600.0,72700.0,10722181
2023-07-04,69036.515625,73000.0,73600.0,72900.0,73400.0,10214350
2023-07-05,68090.8125,72000.0,73300.0,71900.0,73000.0,12310610
2023-07-06,67712.515625,71600.0,72400.0,71500.0,71900.0,14777667
2023-07-07,66104.828125,69900.0,71400.0,69800.0,71100.0,17308877
2023-07-10,65726.5390625,69500.0,70400.0,69200.0,70000.0,11713926
2023-07-11,67617.953125,71500.0,71500.0,70100.0,70200.0,12177392
2023-07-12,67996.234375,71900.0,72000.0,71100.0,71200.0,10375581
2023-07-13,67996.234375,71900.0,72600.0,71900.0,72400.0,14417279
2023-07-14,69414.78125,73400.0,73400.0,72400.0,72500.0,15882519
2023-07-17,69320.21875,73300.0,73500.0,72800.0,73200.0,10060049
2023-07-18,68090.8125,72000.0,73500.0,72000.0,73200.0,11697900
2023-07-19,67807.0859375,71700.0,72800.0,71300.0,72700.0,10896412
2023-07-20,67145.09375,71000.0,71500.0,70800.0,71100.0,9732730
2023-07-21,66483.109375,70300.0,70400.0,69400.0,70400.0,16528926
2023-07-24,66577.671875,70400.0,70900.0,69900.0,70100.0,13418597
2023-07-25,66199.3984375,70000.0,70500.0,69800.0,70000.0,14314945
2023-07-26,66010.265625,69800.0,70600.0,68100.0,69800.0,30016221
2023-07-27,67807.0859375,71700.0,71700.0,69300.0,69900.0,24261179
2023-07-28,66766.8125,70600.0,72400.0,70100.0,71800.0,19420683
2023-07-31,66010.265625,69800.0,71000.0,69800.0,70900.0,13035420
2023-08-01,67239.6640625,71100.0,71200.0,70000.0,70100.0,12299254
2023-08-02,66104.828125,69900.0,71000.0,69800.0,70700.0,13835020
2023-08-03,65064.54296875,68800.0,70200.0,68500.0,69900.0,20087090
2023-08-04,64591.69140625,68300.0,69100.0,68200.0,68800.0,12360193
2023-08-07,64780.82421875,68500.0,69200.0,67600.0,67700.0,10968505
2023-08-08,63929.69921875,67600.0,69100.0,67400.0,69000.0,14664709
2023-08-09,65159.12109375,68900.0,69600.0,67900.0,68000.0,17259673
2023-08-10,64307.98828125,68000.0,68500.0,67800.0,68300.0,10227311
2023-08-11,63835.1328125,67500.0,68800.0,67500.0,68400.0,9781038
2023-08-14,63645.984375,67300.0,67900.0,66900.0,67500.0,9352343
2023-08-16,63362.29296875,67000.0,67100.0,66300.0,66700.0,13174578
2023-08-17,63078.56640625,66700.0,66800.0,66000.0,66300.0,10778652
2023-08-18,62700.27734375,66300.0,66700.0,65800.0,66000.0,11745006
2023-08-21,62983.99609375,66600.0,67100.0,66300.0,66600.0,9720067
2023-08-22,62983.99609375,66600.0,67700.0,66300.0,67200.0,10500242
2023-08-23,63456.8515625,67100.0,67100.0,66400.0,66700.0,9549352
2023-08-24,64497.125,68200.0,68700.0,67900.0,68300.0,15044463
2023-08-25,63456.8515625,67100.0,67400.0,66900.0,67100.0,7032462
2023-08-28,63173.1328125,66800.0,67000.0,66500.0,66800.0,5824628
2023-08-29,63173.1328125,66800.0,67200.0,66600.0,66900.0,9114352
2023-08-30,63456.8515625,67100.0,67700.0,67100.0,67300.0,9181223
2023-08-31,63267.71875,66900.0,67200.0,66400.0,67100.0,15964630
2023-09-01,67145.09375,71000.0,71000.0,66700.0,66800.0,29738235
2023-09-04,67334.2421875,71200.0,72900.0,70700.0,72900.0,26286495
2023-09-05,66861.375,70700.0,71500.0,70200.0,70900.0,12330239
2023-09-06,66199.3984375,70000.0,70800.0,69700.0,70700.0,11414620
2023-09-07,66577.671875,70400.0,70600.0,69600.0,70000.0,13741241
2023-09-08,66483.109375,70300.0,70300.0,69600.0,70200.0,10688118
2023-09-11,66955.953125,70800.0,70800.0,70000.0,70400.0,11785462
2023-09-12,66672.2421875,70500.0,71000.0,70400.0,70800.0,11688599
2023-09-13,67050.53125,70900.0,71600.0,70300.0,71100.0,15955797
2023-09-14,67807.0859375,71700.0,71800.0,70800.0,71200.0,21041407
2023-09-15,68090.8125,72000.0,72300.0,71400.0,71700.0,17823512
2023-09-18,66388.546875,70200.0,71700.0,70200.0,71300.0,16040727
2023-09-19,66010.265625,69800.0,70800.0,69600.0,70400.0,11820188
2023-09-20,65821.1171875,69600.0,70300.0,69500.0,70000.0,10873015
2023-09-21,65159.12109375,68900.0,69800.0,68800.0,69200.0,10796336
2023-09-22,65064.54296875,68800.0,68900.0,68300.0,68300.0,9897840
2023-09-25,65631.96875,69400.0,69700.0,68500.0,68500.0,13582516
2023-09-26,65214.640625,68600.0,70000.0,68400.0,70000.0,13143470
2023-09-27,65024.515625,68400.0,69100.0,68200.0,68600.0,14886491
2023-10-04,64168.9140625,67500.0,67700.0,66700.0,67400.0,23361149
2023-10-05,63408.40234375,66700.0,67400.0,66700.0,67300.0,16108313
2023-10-06,62742.94921875,66000.0,67300.0,66000.0,67100.0,14386527
2023-10-10,63123.19921875,66400.0,67600.0,66200.0,66200.0,19889202
2023-10-11,64834.3671875,68200.0,69400.0,67900.0,68600.0,25209349
2023-10-12,65499.828125,68900.0,69700.0,68200.0,68600.0,19311380
2023-10-13,64644.24609375,68000.0,68500.0,67700.0,68000.0,9724086
2023-10-16,63978.78515625,67300.0,68500.0,66800.0,67900.0,12599299
2023-10-17,65975.15625,69400.0,69900.0,67400.0,67700.0,17299253
2023-10-18,67020.8671875,70500.0,70500.0,68800.0,68900.0,16493184
2023-10-19,66070.2265625,69500.0,70000.0,69400.0,69700.0,13985012
2023-10-20,65404.7734375,68800.0,69200.0,68100.0,68900.0,15204495
2023-10-23,65024.515625,68400.0,69100.0,68200.0,68700.0,11625959
2023-10-24,65119.5703125,68500.0,68800.0,67700.0,68700.0,12791710
2023-10-25,64644.24609375,68000.0,68800.0,67900.0,68800.0,10610703
2023-10-26,63408.40234375,66700.0,67900.0,66700.0,67000.0,15517624
2023-10-27,63978.78515625,67300.0,67300.0,66700.0,67100.0,11334726
2023-10-30,63978.78515625,67300.0,67800.0,66700.0,66800.0,10139270
2023-10-31,63598.5390625,66900.0,68300.0,66900.0,67600.0,14488892
2023-11-01,65214.640625,68600.0,68900.0,67300.0,67500.0,13775256
2023-11-02,66260.3515625,69700.0,70000.0,69400.0,70000.0,16350031
2023-11-03,66165.28125,69600.0,70200.0,69500.0,69700.0,10322234
2023-11-06,67401.1328125,70900.0,70900.0,69300.0,69800.0,22228489
2023-11-07,67401.1328125,70900.0,70900.0,70000.0,70600.0,17228731
2023-11-08,66450.4921875,69900.0,71400.0,69700.0,71300.0,12901310
2023-11-09,66830.7265625,70300.0,70800.0,69600.0,69900.0,12301373
2023-11-10,67020.8671875,70500.0,70500.0,69500.0,70000.0,9684347
2023-11-13,66925.8046875,70400.0,71300.0,70300.0,71300.0,9246919
2023-11-14,67306.0703125,70800.0,71100.0,70600.0,71000.0,9567984
2023-11-15,68636.9765625,72200.0,72200.0,71500.0,71600.0,20148677
2023-11-16,69207.3671875,72800.0,73000.0,72300.0,72500.0,15860451
2023-11-17,68922.171875,72500.0,73000.0,72300.0,72300.0,11494644
2023-11-20,69112.296875,72700.0,73000.0,72100.0,72100.0,10610157
2023-11-21,69207.3671875,72800.0,73400.0,72700.0,73100.0,9712881
2023-11-22,69207.3671875,72800.0,73000.0,71900.0,72200.0,11105143
2023-11-23,68827.109375,72400.0,73200.0,72200.0,73000.0,6775614
2023-11-24,68161.65625,71700.0,72600.0,71700.0,72400.0,6676685
2023-11-27,67781.3984375,71300.0,72100.0,71100.0,71500.0,9113857
2023-11-28,69112.296875,72700.0,72700.0,71300.0,71400.0,13283081
2023-11-29,69112.296875,72700.0,72800.0,72200.0,72400.0,9283933
2023-11-30,69207.3671875,72800.0,72800.0,72200.0,72700.0,15783714
2023-12-01,68446.84375,72000.0,72500.0,71700.0,72400.0,9871284
2023-12-04,69017.234375,72600.0,72900.0,72400.0,72800.0,10229267
2023-12-05,67686.328125,71200.0,72400.0,71200.0,72300.0,12129682
2023-12-06,68161.65625,71700.0,72100.0,71600.0,71800.0,8123087
2023-12-07,67971.53125,71500.0,71900.0,71100.0,71800.0,8862017
2023-12-08,69017.234375,72600.0,72800.0,71900.0,72100.0,10859463
2023-12-11,69397.5078125,73000.0,73000.0,72200.0,72800.0,9861960
2023-12-12,69872.8203125,73500.0,73500.0,73100.0,73300.0,13758646
2023-12-13,69207.3671875,72800.0,73500.0,72800.0,73300.0,13116766
2023-12-14,69492.5625,73100.0,74300.0,72500.0,74100.0,27567593
2023-12-15,69682.6953125,73300.0,74000.0,73200.0,73800.0,15419815
2023-12-18,69302.4296875,72900.0,73400.0,72800.0,73300.0,9690551
2023-12-19,69777.7421875,73400.0,73400.0,72800.0,73000.0,8907632
2023-12-20,71108.671875,74800.0,74900.0,73800.0,74200.0,16870156
2023-12-21,71298.796875,75000.0,75000.0,74300.0,74600.0,13478766
2023-12-22,72154.3828125,75900.0,76300.0,75400.0,75800.0,14515608
2023-12-26,72819.828125,76600.0,76700.0,75700.0,76100.0,13164909
2023-12-27,74501.8515625,78000.0,78000.0,76500.0,76700.0,20651042
2023-12-28,74979.453125,78500.0,78500.0,77500.0,77700.0,17797536
2024-01-02,76030.125,79600.0,79800.0,78200.0,78200.0,17142847
2024-01-03,73546.7109375,77000.0,78800.0,77000.0,78500.0,21753644
2024-01-04,73164.6484375,76600.0,77300.0,76100.0,76100.0,15324439
2024-01-05,73164.6484375,76600.0,77100.0,76400.0,76700.0,11304316
2024-01-08,73069.140625,76500.0,77500.0,76400.0,77000.0,11088724
2024-01-09,71349.859375,74700.0,77700.0,74300.0,77400.0,26019249
2024-01-10,70299.1796875,73600.0,75200.0,73200.0,75000.0,20259529
2024-01-11,69917.1484375,73200.0,73600.0,72700.0,72900.0,57691266
2024-01-12,69821.625,73100.0,74100.0,72800.0,73000.0,13038939
2024-01-15,70585.7421875,73900.0,74000.0,73200.0,73200.0,2957915
2024-01-16,69344.046875,72600.0,73700.0,72500.0,73500.0,14760415
2024-01-17,67815.8125,71000.0,73300.0,71000.0,73100.0,22683660
2024-01-18,68484.40625,71700.0,72000.0,70700.0,71600.0,17853397
2024-01-19,71349.859375,74700.0,74700.0,73000.0,73500.0,23363427
2024-01-22,71731.921875,75100.0,76000.0,75000.0,75900.0,19673375
2024-01-23,71827.453125,75200.0,75800.0,74300.0,75700.0,14786224
2024-01-24,70681.2578125,74000.0,75200.0,73500.0,75200.0,12860661
2024-01-25,70776.78125,74100.0,74800.0,73700.0,74200.0,11737747
2024-01-26,70108.1484375,73400.0,74500.0,73300.0,73700.0,11160062
2024-01-29,71063.3203125,74400.0,75200.0,73500.0,73800.0,13976521
2024-01-30,70967.8125,74300.0,75300.0,73700.0,75000.0,12244418
2024-01-31,69439.5625,72700.0,74000.0,72500.0,73400.0,15703560
2024-02-01,70299.1796875,73600.0,74200.0,72900.0,73000.0,19881033
2024-02-02,71827.453125,75200.0,75200.0,73700.0,74000.0,14955881
2024-02-05,70967.8125,74300.0,74800.0,73500.0,74200.0,19026021
2024-02-06,71063.3203125,74400.0,74700.0,73300.0,74300.0,14559254
2024-02-07,71636.40625,75000.0,75500.0,74300.0,74600.0,16566445
2024-02-08,70776.78125,74100.0,75200.0,73600.0,75000.0,20810708
2024-02-13,71827.453125,75200.0,75200.0,74400.0,74800.0,21966745
2024-02-14,70681.2578125,74000.0,74300.0,73700.0,73700.0,12434945
2024-02-15,69917.1484375,73200.0,74400.0,73000.0,74200.0,14120600
2024-02-16,69535.078125,72800.0,73400.0,72500.0,73300.0,13444781
2024-02-19,70490.2265625,73800.0,73900.0,72800.0,72800.0,12726404
2024-02-20,70012.65625,73300.0,73700.0,72800.0,73700.0,14681477
2024-02-21,69726.1171875,73000.0,73700.0,72900.0,73400.0,11503495
2024-02-22,69821.625,73100.0,73900.0,72700.0,73800.0,15208934
2024-02-23,69630.59375,72900.0,74200.0,72900.0,73600.0,16225166
2024-02-26,69535.078125,72800.0,73200.0,72200.0,72300.0,14669352
2024-02-27,69630.59375,72900.0,73400.0,72700.0,73100.0,13201981
2024-02-28,69917.1484375,73200.0,73900.0,72800.0,72900.0,11795859
2024-02-29,70108.1484375,73400.0,73400.0,72000.0,72600.0,21176403
2024-03-04,71540.8984375,74900.0,75000.0,74000.0,74300.0,23210474
2024-03-05,70394.71875,73700.0,74800.0,73700.0,74600.0,19505125
2024-03-06,69630.59375,72900.0,73500.0,72700.0,73200.0,21547905
2024-03-07,68961.984375,72200.0,73300.0,72200.0,73100.0,14516963
2024-03-08,70012.65625,73300.0,73400.0,72600.0,72800.0,19271349
2024-03-11,69153.015625,72400.0,73100.0,72300.0,72900.0,9740504
2024-03-12,70012.65625,73300.0,73500.0,72100.0,72600.0,13011654
2024-03-13,70776.78125,74100.0,74100.0,73500.0,73700.0,15243134
2024-03-14,70967.8125,74300.0,74500.0,73600.0,74400.0,22545539
2024-03-15,69057.5,72300.0,73700.0,72300.0,73400.0,22580555
2024-03-18,69535.078125,72800.0,73000.0,72500.0,72600.0,11520348
2024-03-19,69535.078125,72800.0,73000.0,71700.0,72300.0,15376066
2024-03-20,73451.1875,76900.0,77200.0,73400.0,73700.0,50106297
2024-03-21,75743.5703125,79300.0,79300.0,77700.0,79200.0,44569799
2024-03-22,75361.5078125,78900.0,79900.0,77800.0,79600.0,26724761
2024-03-25,74692.8984375,78200.0,79800.0,77800.0,79600.0,18703996
2024-03-26,76316.65625,79900.0,80100.0,79200.0,79700.0,30551494
2024-03-27,76221.140625,79800.0,80000.0,79200.0,79200.0,17424595
2024-03-28,77527.0,80800.0,81000.0,79200.0,79400.0,25084812
2024-03-29,79062.1875,82400.0,82500.0,80900.0,81200.0,27126366
2024-04-01,78678.3984375,82000.0,83300.0,82000.0,83200.0,20116513
2024-04-02,81556.890625,85000.0,85000.0,82900.0,82900.0,37077944
2024-04-03,80693.3359375,84100.0,85000.0,83500.0,84300.0,30493347
2024-04-04,81844.7265625,85300.0,85500.0,84300.0,85200.0,25248934
2024-04-05,81077.1328125,84500.0,85000.0,83800.0,84500.0,18883752
2024-04-08,81077.1328125,84500.0,86000.0,84500.0,85200.0,18953232
2024-04-09,80213.6015625,83600.0,84900.0,83100.0,84500.0,23725956
2024-04-11,80693.3359375,84100.0,84700.0,82500.0,83200.0,25538009
2024-04-12,80309.5390625,83700.0,84900.0,83200.0,84700.0,17061770
2024-04-15,78870.3125,82200.0,83200.0,81200.0,82900.0,26663772
2024-04-16,76759.4140625,80000.0,81300.0,79400.0,81200.0,31949845
2024-04-17,75703.984375,78900.0,80800.0,78900.0,80700.0,22611631
2024-04-18,76375.6171875,79600.0,80100.0,78300.0,78800.0,21370190
2024-04-19,74456.640625,77600.0,78700.0,76300.0,78300.0,31317563
2024-04-22,73017.3984375,76100.0,77500.0,75100.0,77400.0,30469477
2024-04-23,72441.703125,75500.0,76800.0,75500.0,76400.0,18717699
2024-04-24,75416.1328125,78600.0,78800.0,77200.0,77500.0,22166150
2024-04-25,73209.3046875,76300.0,77500.0,76300.0,77300.0,15549134
2024-04-26,73593.09375,76700.0,77900.0,76500.0,77800.0,12755629
2024-04-29,73593.09375,76700.0,77600.0,76200.0,77400.0,14664474
2024-04-30,74360.6953125,77500.0,78500.0,76600.0,77000.0,19007007
2024-05-02,74840.4296875,78000.0,78600.0,77300.0,77600.0,18900640
2024-05-03,74456.640625,77600.0,79000.0,77500.0,79000.0,13151889
2024-05-07,78006.75,81300.0,81300.0,79400.0,79600.0,26238868
2024-05-08,78006.75,81300.0,81400.0,80500.0,80800.0,13089576
2024-05-09,76471.5703125,79700.0,81500.0,79700.0,81100.0,18759935
2024-05-10,75991.8359375,79200.0,81100.0,78900.0,80400.0,16976124
2024-05-13,75224.2265625,78400.0,79900.0,77600.0,79400.0,18652344
2024-05-14,75128.28125,78300.0,78800.0,77900.0,78600.0,11763992
2024-05-16,75032.328125,78200.0,80300.0,78100.0,80200.0,20989778
2024-05-17,74264.734375,77400.0,78800.0,77200.0,78600.0,15918201
2024-05-20,75703.984375,78900.0,79100.0,77900.0,78100.0,19456783
2024-05-21,75224.2265625,78400.0,79000.0,78200.0,78500.0,13690583
2024-05-22,74552.578125,77700.0,78700.0,77300.0,78100.0,19521506
2024-05-23,75128.28125,78300.0,79100.0,77100.0,77700.0,18728087
2024-05-24,72825.5078125,75900.0,77000.0,75700.0,76800.0,27891278
2024-05-27,74072.84375,77200.0,78200.0,74000.0,75300.0,43825202
2024-05-28,74456.640625,77600.0,78000.0,76200.0,76500.0,18539072
2024-05-29,72153.8515625,75200.0,78200.0,75200.0,77700.0,30244875
2024-05-30,70522.7109375,73500.0,75200.0,73500.0,74800.0,28551273
2024-05-31,70522.7109375,73500.0,74700.0,73500.0,74500.0,26198776
2024-06-03,72633.609375,75700.0,76400.0,74200.0,74400.0,15706268
2024-06-04,72249.8046875,75300.0,76100.0,74900.0,74900.0,14098053
2024-06-05,74264.734375,77400.0,78000.0,76800.0,78000.0,23177968
2024-06-07,74168.78125,77300.0,78600.0,77100.0,78400.0,21189349
2024-06-10,72633.609375,75700.0,76600.0,75600.0,76100.0,14598755
2024-06-11,72153.8515625,75200.0,76000.0,75100.0,75900.0,16971175
2024-06-12,73401.1875,76500.0,77100.0,75200.0,75300.0,19246725
2024-06-13,75416.1328125,78600.0,79000.0,77800.0,78400.0,33763804
2024-06-14,76375.6171875,79600.0,80500.0,79000.0,79700.0,22926612
2024-06-17,74936.375,78100.0,79500.0,78000.0,79200.0,16123051
2024-06-18,76567.5078125,79800.0,80200.0,78600.0,78700.0,18207598
2024-06-19,77910.8046875,81200.0,82500.0,80500.0,81100.0,24168863
2024-06-20,78294.6015625,81600.0,82200.0,81200.0,81500.0,20288913
2024-06-21,76759.4140625,80000.0,80800.0,80000.0,80700.0,17907523
2024-06-24,77335.1171875,80600.0,80900.0,79500.0,79700.0,15454227
2024-06-25,77527.0,80800.0,81800.0,80100.0,80600.0,19088458
2024-06-26,78006.75,81300.0,81400.0,79900.0,80100.0,17783242
2024-06-27,78643.8125,81600.0,81600.0,80500.0,81300.0,11739720
2024-06-28,78547.4453125,81500.0,81900.0,80800.0,81900.0,9455929
2024-07-01,78836.5703125,81800.0,82100.0,81300.0,81500.0,11317202
2024-07-02,78836.5703125,81800.0,82600.0,81500.0,82500.0,14471904
2024-07-03,78836.5703125,81800.0,82300.0,81000.0,82300.0,11440328
2024-07-04,81535.1328125,84600.0,84700.0,82400.0,82900.0,43857229
2024-07-05,83944.5546875,87100.0,87100.0,85200.0,85600.0,45791193
2024-07-08,84233.6953125,87400.0,88600.0,86900.0,87900.0,24035809
2024-07-09,84619.203125,87800.0,88200.0,86900.0,87800.0,21336201
2024-07-10,84619.203125,87800.0,88000.0,87100.0,87600.0,17813847
2024-07-11,84426.4453125,87600.0,88800.0,86700.0,88500.0,24677608
2024-07-12,81342.3828125,84400.0,86100.0,84100.0,85900.0,26344386
2024-07-15,83559.046875,86700.0,87300.0,84100.0,84700.0,25193080
2024-07-16,84522.8203125,87700.0,88000.0,86700.0,86900.0,16166688
2024-07-17,83559.046875,86700.0,88000.0,86400.0,87100.0,18186490
2024-07-18,83751.796875,86900.0,86900.0,83800.0,83800.0,24721790
2024-07-19,81342.3828125,84400.0,86100.0,84100.0,85600.0,18569122
2024-07-22,79993.0859375,83000.0,84900.0,82600.0,84400.0,18987560
2024-07-23,80860.4921875,83900.0,84700.0,83400.0,84200.0,15766389
2024-07-24,79029.328125,82000.0,83300.0,81900.0,82900.0,16939083
2024-07-25,77487.2890625,80400.0,81000.0,80100.0,80400.0,20323811
2024-07-26,77969.171875,80900.0,81300.0,80400.0,80700.0,14508334
2024-07-29,78258.296875,81200.0,82000.0,81100.0,81600.0,12797136
2024-07-30,78065.5546875,81000.0,81000.0,80000.0,80400.0,13169636
2024-07-31,80860.4921875,83900.0,83900.0,80900.0,81200.0,20744323
2024-08-01,80089.4765625,83100.0,86100.0,83100.0,86000.0,20900338
2024-08-02,76716.2578125,79600.0,81400.0,79500.0,81000.0,25800275
2024-08-05,68813.328125,71400.0,76900.0,70200.0,76700.0,54608790
2024-08-06,69873.484375,72500.0,75300.0,72300.0,74900.0,47295226
2024-08-07,71993.7890625,74700.0,76000.0,72800.0,73000.0,32710428
2024-08-08,70740.875,73400.0,73900.0,72500.0,73200.0,28414729
2024-08-09,71993.7890625,74700.0,75800.0,74200.0,75700.0,16388222
2024-08-12,72764.8046875,75500.0,75900.0,74800.0,75200.0,9839259
2024-08-13,73343.0703125,76100.0,76600.0,75500.0,76500.0,10716261
2024-08-14,74403.2109375,77200.0,77800.0,77000.0,77400.0,13246168
2024-08-16,77294.53125,80200.0,80200.0,78700.0,79400.0,22061478
2024-08-19,75463.3671875,78300.0,80100.0,78000.0,80100.0,14146565
2024-08-20,76041.6328125,78900.0,79800.0,78700.0,79500.0,10683836
2024-08-21,75463.3671875,78300.0,78600.0,77800.0,77900.0,7805598
2024-08-22,75463.3671875,78300.0,78900.0,77800.0,78700.0,8149101
2024-08-23,74885.1015625,77700.0,78400.0,77500.0,77700.0,9420306
2024-08-26,73343.0703125,76100.0,78200.0,76000.0,78100.0,15655938
2024-08-27,73053.9375,75800.0,76500.0,75600.0,75700.0,11130145
2024-08-28,73632.1953125,76400.0,76400.0,75400.0,75800.0,9794514
2024-08-29,71319.140625,74000.0,74700.0,73500.0,73600.0,16884479
2024-08-30,71608.2734375,74300.0,75000.0,74100.0,74400.0,16358520
2024-09-02,71704.6484375,74400.0,74700.0,73500.0,74500.0,12641376
2024-09-03,69873.484375,72500.0,74300.0,72500.0,74100.0,16314599
2024-09-04,67464.0546875,70000.0,71100.0,69800.0,69800.0,27366563
2024-09-05,66500.28125,69000.0,71200.0,69000.0,70100.0,25686769
2024-09-06,66403.90625,68900.0,69700.0,68000.0,69100.0,19022299
2024-09-09,65054.625,67500.0,68200.0,66600.0,66900.0,23263298
2024-09-10,63801.7265625,66200.0,67300.0,66000.0,67000.0,30651376
2024-09-11,62548.8203125,64900.0,65500.0,64200.0,65100.0,35809707
2024-09-12,63898.09375,66300.0,66600.0,65200.0,66000.0,35884106
2024-09-13,62066.93359375,64400.0,65500.0,64300.0,65000.0,25045135
2024-09-19,60814.03125,63100.0,64400.0,62200.0,64000.0,49402713
2024-09-20,60717.65234375,63000.0,64700.0,63000.0,63800.0,32746056
2024-09-23,60332.140625,62600.0,63500.0,62200.0,62300.0,28542376
2024-09-24,60910.40234375,63200.0,63400.0,62400.0,62800.0,26957500
2024-09-25,59946.62890625,62200.0,64200.0,62200.0,63800.0,28652438
2024-09-26,62356.0625,64700.0,64900.0,63700.0,63900.0,37566015
2024-09-27,62221.34375,64200.0,65400.0,64200.0,64700.0,28433030
2024-09-30,59604.5625,61500.0,64300.0,61500.0,64200.0,32694163
2024-10-02,59410.72265625,61300.0,61900.0,59900.0,60500.0,28473536
2024-10-04,58732.296875,60600.0,61700.0,60500.0,61000.0,24247578
2024-10-07,59119.96875,61000.0,61900.0,59500.0,60200.0,35066533
2024-10-08,58441.546875,60300.0,61000.0,59900.0,60000.0,27411786
2024-10-10,57084.6875,58900.0,60200.0,58900.0,60100.0,45262214
2024-10-11,57472.36328125,59300.0,60100.0,59000.0,59100.0,29623969
2024-10-14,57472.36328125,59300.0,61200.0,59400.0,59500.0,20886249
2024-10-15,59119.96875,61000.0,61400.0,60100.0,61100.0,22715239
2024-10-16,57666.19921875,59500.0,60000.0,59200.0,59400.0,23303268
2024-10-17,57860.03515625,59700.0,60100.0,59100.0,59400.0,23372873
2024-10-18,57375.4453125,59200.0,60100.0,59100.0,59900.0,14420260
2024-10-21,57181.609375,59000.0,59600.0,58500.0,59000.0,18514905
2024-10-22,55921.6796875,57700.0,58900.0,57700.0,58800.0,27582527
2024-10-23,57278.52734375,59100.0,60000.0,57100.0,57500.0,27300780
2024-10-24,54855.578125,56600.0,58500.0,56600.0,58200.0,31499922
2024-10-25,54177.15625,55900.0,56900.0,55800.0,56000.0,25829315
2024-10-28,56309.3515625,58100.0,58500.0,55700.0,55700.0,27775009
2024-10-29,57763.1171875,59600.0,59600.0,57300.0,58000.0,28369314
2024-10-30,57278.52734375,59100.0,59800.0,58600.0,59100.0,19838511
2024-10-31,57375.4453125,59200.0,61200.0,58300.0,58500.0,35809196
2024-11-01,56503.18359375,58300.0,59600.0,58100.0,59000.0,19083180
2024-11-04,56890.86328125,58700.0,59400.0,58400.0,58600.0,15586947
2024-11-05,55824.75390625,57600.0,58100.0,57200.0,57800.0,17484474
2024-11-06,55534.00390625,57300.0,58000.0,56300.0,57600.0,22092218
2024-11-07,55534.00390625,57300.0,58100.0,56800.0,56900.0,17043102
2024-11-08,55243.25390625,57000.0,58300.0,57000.0,58000.0,13877396
2024-11-11,53304.890625,55000.0,56800.0,55000.0,56700.0,29811326
2024-11-12,51366.53515625,53000.0,54600.0,53000.0,54600.0,37962881
2024-11-13,49040.5,50600.0,53000.0,50500.0,52000.0,52527995
2024-11-14,48362.07421875,49900.0,51800.0,49900.0,50200.0,48510715
2024-11-15,51851.1171875,53500.0,54200.0,50300.0,50300.0,46774485
2024-11-18,54952.4921875,56700.0,57500.0,55900.0,57000.0,48095234
2024-11-19,54564.82421875,56300.0,57500.0,55900.0,56500.0,31539632
2024-11-20,53595.64453125,55300.0,56500.0,54800.0,56100.0,20864667
2024-11-21,54661.7421875,56400.0,56900.0,54700.0,54900.0,19096850
2024-11-22,54274.07421875,56000.0,56700.0,55900.0,56000.0,15281543
2024-11-25,56115.5078125,57900.0,57900.0,56700.0,57400.0,36237325
2024-11-26,56503.18359375,58300.0,58900.0,57500.0,57900.0,23209405
2024-11-27,54564.82421875,56300.0,57800.0,56000.0,57700.0,21808387
2024-11-28,53789.484375,55500.0,56400.0,55200.0,56000.0,20001134
2024-11-29,52529.546875,54200.0,55300.0,53800.0,55100.0,24513531
2024-12-02,51948.0390625,53600.0,54400.0,53100.0,54300.0,22044867
2024-12-03,51948.0390625,53600.0,54400.0,53100.0,53100.0,23374603
2024-12-04,51463.4453125,53100.0,53400.0,52000.0,52000.0,29004766
2024-12-05,52044.9609375,53700.0,54400.0,53200.0,53200.0,23588277
2024-12-06,52432.6328125,54100.0,54400.0,52700.0,53900.0,22861874
2024-12-09,51754.20703125,53400.0,54600.0,53200.0,53500.0,26227680
2024-12-10,52335.71484375,54000.0,54500.0,53700.0,54500.0,20783970
2024-12-11,52335.71484375,54000.0,54200.0,53400.0,53600.0,14565947
2024-12-12,54177.15625,55900.0,56500.0,53900.0,54000.0,33476698
2024-12-13,54370.98046875,56100.0,56300.0,55500.0,55800.0,15908823
2024-12-16,53886.40234375,55600.0,56600.0,55200.0,56300.0,15277277
2024-12-17,52529.546875,54200.0,55200.0,54000.0,54700.0,20215230
2024-12-18,53207.97265625,54900.0,55400.0,54000.0,54100.0,13698937
2024-12-19,51463.4453125,53100.0,53800.0,53100.0,53500.0,22481925
2024-12-20,51366.53515625,53000.0,53100.0,51900.0,52700.0,24674774
2024-12-23,51851.1171875,53500.0,54000.0,53300.0,53400.0,13672650
2024-12-24,52723.3828125,54400.0,54500.0,53600.0,53700.0,11634677
2024-12-26,51948.0390625,53600.0,54600.0,53500.0,54500.0,10517075
2024-12-27,52399.83203125,53700.0,54100.0,53200.0,53500.0,10747196
2024-12-30,51911.9296875,53200.0,54000.0,53100.0,53300.0,12624702
